SupplierID,Name,Contact,Address
1,Brown PLC,+92-021-3678638,"USS Dennis, FPO AE 70323"
2,Anderson Group,+92-091-8090293,"USNS Baker, FPO AP 55962"
3,Hickman Ltd,+92-051-5661907,"5787 John Circles Suite 098, New Jeffrey, CA 93279"
4,"Brown, Jones and Johnson",+92-042-4612365,"7382 Sanchez Mountains, Leeville, TN 56999"
5,Henderson-Owens,+92-051-2714803,"65133 Amanda Dam, Whitemouth, IA 10381"
6,Morton-Chase,+92-021-7374122,"32677 Michelle Circle, South Aaron, MS 35261"
7,Mitchell-Horton,+92-021-7022674,"34309 Julie Centers Apt. 978, North Susan, CO 24857"
8,Larson Ltd,+92-051-5437923,"93990 Robert Prairie Suite 435, West Randy, TN 85108"
9,Bryant-Hickman,+92-021-8707870,"USS Ellis, FPO AP 13605"
10,Medina PLC,+92-081-3094235,"35427 Carr Valley Apt. 841, West Darrell, CT 97811"
11,"Moore, Campbell and Clark",+92-061-2322047,"740 Cynthia Village Suite 005, Lake Tina, GA 97655"
12,Arnold-Patterson,+92-081-5918715,"280 Aguilar Drive, Andersonport, MN 05730"
13,Clark-Wright,+92-091-7067228,"232 Nicole Burg Apt. 563, Erikville, MS 05576"
14,Walker-Velasquez,+92-081-4226067,"30365 Lin Trail Suite 586, Sheilaville, FM 34738"
15,Carpenter LLC,+92-091-2166941,"5698 Paul Ports Apt. 406, New Saraside, TX 94798"
